{"cameraMode":{"drawMode":0,"name":"Shaded","section":"Shading Mode"},"sceneLighting":true,"audioPlay":false,"sceneViewState":{"showFog":true,"showMaterialUpdate":false,"showSkybox":true,"showFlares":true,"showImageEffects":true,"showParticleSystems":true},"in2DMode":false,"pivot":{"x":0.08935897052288056,"y":1.4980937242507935,"z":0.019386189058423044},"rotation":{"x":-0.1452445387840271,"y":-0.02580736204981804,"z":0.00380834867246449,"w":-0.9890667796134949},"size":9.757692337036133,"orthographic":false}